file_names,similarity,tags
2023-03-26_AnIntroductiontoArtificialIntelligence.txt,0.8842350577999708,"artificial intelligence, computer science, intelligent machines, machine learning, deep learning, natural language processing, self-driving cars, language translation software, development, innovation."
2023-03-26_RevolutionizingHealthcarewithArtificialIntelligenceBenefitsandOpportunities.txt,0.8581772758530835,"Artificial Intelligence, Medical Field, Patient Outcomes, Efficiency, Cost Reduction, Disease Diagnosis, Personalized Treatment Plans, Drug Discovery, Machine Learning, Data Analysis."
2023-04-03_ExploringMultiHeadSelfAttentionforKeywordIdentificationinNaturalLanguageProcessing.txt,0.8533034831998663,"multi-head self-attention, keyword identification, natural language processing, OpenAI API, language models, GPT-2, GPT-3, text data, computational resources, machine learning."
2023-03-26_FlutterDevelopmentLearningMethodsandManagingAppState.txt,0.8486011224712887,"Flutter, metodi di apprendimento, documentazione ufficiale, tutorial, community, sintassi Dart, gestione dello stato dell'applicazione, architettura, interfaccia utente, test in tempo reale."
2023-03-26_ExploringtheUseofTransformersinImageSegmentation.txt,0.8461891495286461,"deep learning, transformer architecture, natural language processing, attention mechanism, long-range dependencies, computer vision, image segmentation, spatial relationship, pre-trained models, self-supervised learning."
2023-03-28_ChoosingtheRightAppleComputerforDeepLearningandMachineLearningM1vsM2ChipandOptimalMemorySize.txt,0.8345354713345506,"Apple, M1, M2, deep learning, machine learning, processing capabilities, memory capacity, unified memory, graphics card, VRAM, datasets."
2023-03-26_TipsforRunningScriptsatSystemStartuponWindowsandLinux.txt,0.7817793878508615," running command line scripts, system startup, Windows OS, Linux, virtual environment, Python script, batch script."
2023-03-29_TraininganInteractiveSystemtoRespondtoCommandsandQuestions.txt,0.7788496205749827,"interfaccia vocale, riconoscimento vocale, linguaggio naturale, comandi, domande, addestramento, dataset, conversazioni, chatbot, apprendimento automatico"
2023-03-26_ExploringthePossibilityofHumanExtinction.txt,0.7747886670518894," humankind, extinction, natural disasters, severe weather events, pandemics, climate change, human activities, nuclear war, environmental degradation, dangerous technologies, sustainable future."
2023-03-26_NuclearandElectricPropulsioninSpaceExplorationAdvantagesandChallenges.txt,0.7747581193820839,"rocket propulsion, electric propulsion, ion propulsion, Hall thruster, chemical rockets, nuclear energy, nuclear propulsion, nuclear thermal propulsion, nuclear electric propulsion, specific impulse"
2023-03-30_TheBasicsofBeerUnderstandingthePopularAlcoholicBeverage.txt,0.770581745297812,"alcoholic beverage, beer, fermented grains, malted barley, hops, yeast, water, brewing techniques, flavors, aromas, colors"
2023-03-30_TheColorsoftheSkyExploringtheHuesandVariations.txt,0.7644492413005741,"colors, sky, weather, daytime, sunset, sunrise, geography, seasons, sandstorms, perception"
2023-03-28_SizeandImpactHowBigDoesanAsteroidNeedtoBetoCauseSignificantDamage.txt,0.7591407842298865,"asteroidi, impatto, danni, dimensioni, composizione, velocità, angolo di impatto, catastrofiche, oscuramento del sole, tsunami, distruzione, aree urbane, popolazione, monitoraggio, orbita, prevenzione, mitigazione."
2023-03-30_ExploringtheColdestTemperaturesonEarthRecordBreakingLowTemperaturesandHistoricalEstimates.txt,0.7316602114560526,"temperatura minima, Terra, Antartide, Vostok, ghiaccio, clima, geologia, Palla di Neve, vulcani, simulazioni climatiche"
2023-04-02_UnderstandingtheComponentsofaSoundCardandtheFunctionofADC.txt,0.7231379199319954,"scheda audio, ADC, convertitore analogico-digitale, DAC, amplificatore, interfaccia MIDI, codec, driver, campionatore, quantizzatore."
2023-04-01_RegalieattivitàperunviaggioinIslanda.txt,0.6832830336067083,"viaggio, Islanda, regali, attività, escursioni, ghiacciai, alpinismo, balene, pesca, snorkeling."
DATAFRAME.csv,0.0,None
